CPR E,288
C E,388
A B E,388
E E,388
M E,388
COM S,327
COM S,331
LING,331
COM S,336
COM S,362
CPR E,388
S E,342
COM S,342
COM S,418
COM S,518
COM S,425
CPR E,430
COM S,430
COM S,433
COM S,533
COM S,437
COM S,440
COM S,540
COM S,444
BCB,444
BCBIO,444
BIOL,444
CPR E,444
GEN,444
COM S,454
COM S,554
CPR E,454
CPR E,554
COM S,455
COM S,555
COM S,461
COM S,561
COM S,472
COM S,572
COM S,477
COM S ,577
COM S ,481
MATH ,481
COM S ,486
COM S ,490
CPR E,418
E E,418
CPR E,426
CPR E,526
COM S,426
COM S,526
CPR E,431
CPR E,450
CPR E,550
CPR E,483
CPR E,488
CPR E,489
CPR E,490
CPR E,530
INFAS,530
M E,484
M E,584
WLC,484
WLC,584
S E,409
COM S,409
CPR E,409
S E,416
CPR E,416
S E,412
COM S,412
CPR E,412
S E,417
CPR E,417
S E,419X
CPR E,419X